racetime_ms,x,y,z,speed,turning,dist_to_next_cp,action
78630,171.19976806640625,90.01385498046875,688.001220703125,0,0.0,890.1285163246731,none
78680,171.19976806640625,90.01385498046875,688.0011596679688,0,0.0,890.1284900626924,none
78720,171.19976806640625,90.01385498046875,688.0011596679688,0,0.0,890.1284900626924,none
78770,171.19976806640625,90.01385498046875,688.001220703125,0,0.0,890.1285163246731,none
78830,171.19976806640625,90.01385498046875,688.001220703125,0,0.0,890.1285163246731,none
78880,171.19976806640625,90.01385498046875,688.0011596679688,0,0.0,890.1284900626924,none
78940,171.19976806640625,90.01385498046875,688.0011596679688,0,0.0,890.1284900626924,none
78990,171.19976806640625,90.01385498046875,688.001220703125,0,0.0,890.1285163246731,none
79020,171.19976806640625,90.01385498046875,688.0011596679688,0,0.0,890.1284900626924,none
79080,171.19976806640625,90.01385498046875,688.0011596679688,0,0.0,890.1284900626924,none
79130,171.19976806640625,90.01385498046875,688.001220703125,0,0.0,890.1285163246731,none
79190,171.19976806640625,90.01385498046875,688.001220703125,0,0.0,890.1285163246731,none
79220,171.19976806640625,90.01385498046875,688.001220703125,0,0.0,890.1285163246731,none
79280,171.19976806640625,90.01385498046875,688.0011596679688,0,0.0,890.1284900626924,none
79330,171.19976806640625,90.01385498046875,688.001220703125,0,0.0,890.1285163246731,none
79390,171.19976806640625,90.01385498046875,688.001220703125,0,0.0,890.1285163246731,none
79450,171.19976806640625,90.01385498046875,688.001220703125,0,0.0,890.1285163246731,none
79500,171.19976806640625,90.01385498046875,688.0011596679688,0,0.0,890.1284900626924,none
79530,171.19976806640625,90.01385498046875,688.001220703125,0,0.0,890.1285163246731,none
79590,171.19976806640625,90.01385498046875,688.001220703125,0,0.0,890.1285163246731,none
79640,171.19976806640625,90.01385498046875,688.0011596679688,0,0.0,890.1284900626924,none
79700,171.19976806640625,90.01385498046875,688.0011596679688,0,0.0,890.1284900626924,none
79750,171.19976806640625,90.01385498046875,688.001220703125,0,0.0,890.1285163246731,none
79780,171.19976806640625,90.01385498046875,688.0011596679688,0,0.0,890.1284900626924,none
79840,171.19976806640625,90.01385498046875,688.0011596679688,0,0.0,890.1284900626924,none
79890,171.19976806640625,90.01385498046875,688.001220703125,0,0.0,890.1285163246731,none
79950,171.19976806640625,90.01385498046875,688.001220703125,0,0.0,890.1285163246731,none
80010,171.19976806640625,90.01385498046875,688.001220703125,0,0.0,890.1285163246731,none
80060,171.19976806640625,90.01385498046875,688.0011596679688,0,0.0,890.1284900626924,none
80110,171.19976806640625,90.01385498046875,688.001220703125,0,0.0,890.1285163246731,none
80160,171.19976806640625,90.01385498046875,688.0011596679688,0,0.0,890.1284900626924,none
80210,171.19976806640625,90.01385498046875,688.001220703125,0,0.0,890.1285163246731,none
80270,171.19976806640625,90.01385498046875,688.001220703125,0,0.0,890.1285163246731,none
80320,171.19976806640625,90.01385498046875,688.0011596679688,0,0.0,890.1284900626924,none
80370,171.19976806640625,90.01385498046875,688.001220703125,0,0.0,890.1285163246731,none
80420,171.19976806640625,90.01385498046875,688.0011596679688,0,0.0,890.1284900626924,none
80470,171.19976806640625,90.01385498046875,688.001220703125,0,0.0,890.1285163246731,none
80520,171.19976806640625,90.01385498046875,688.0011596679688,0,0.0,890.1284900626924,none
80570,171.19976806640625,90.01385498046875,688.001220703125,0,0.0,890.1285163246731,none
80620,171.19976806640625,90.01385498046875,688.0011596679688,0,0.0,890.1284900626924,none
80670,171.19976806640625,90.01385498046875,688.001220703125,0,0.0,890.1285163246731,none
80720,171.19976806640625,90.01385498046875,688.0011596679688,0,0.0,890.1284900626924,none
80770,171.19976806640625,90.01385498046875,688.001220703125,0,0.0,890.1285163246731,none
80830,171.19976806640625,90.01385498046875,688.001220703125,0,0.0,890.1285163246731,none
80880,171.19976806640625,90.01385498046875,688.0011596679688,0,0.0,890.1284900626924,none
80930,171.19976806640625,90.01385498046875,688.001220703125,0,0.0,890.1285163246731,none
80980,171.19976806640625,90.01385498046875,688.0011596679688,0,0.0,890.1284900626924,none
81030,171.19976806640625,90.01385498046875,688.001220703125,0,0.0,890.1285163246731,none
81080,171.19976806640625,90.01385498046875,688.0011596679688,0,0.0,890.1284900626924,none
81130,171.19976806640625,90.01385498046875,688.001220703125,0,0.0,890.1285163246731,none
81180,171.19976806640625,90.01385498046875,688.0011596679688,0,0.0,890.1284900626924,none
81230,171.19976806640625,90.01385498046875,688.001220703125,0,0.0,890.1285163246731,none
-2480,171.1999969482422,90.20999908447266,688.0,0,0.0,890.142353147215,none
-2230,171.1999969482422,90.20999908447266,688.0,0,0.0,890.142353147215,none
-1990,171.1999969482422,90.20999908447266,688.0,0,0.0,890.142353147215,none
-1720,171.1999969482422,90.20999908447266,688.0,0,0.0,890.142353147215,none
-1460,171.1999969482422,90.20999908447266,688.0,0,0.0,890.142353147215,none
-1210,171.1999969482422,90.20999908447266,688.0,0,0.0,890.142353147215,none
-960,171.1999969482422,90.20999908447266,688.0,0,0.0,890.142353147215,none
-700,171.1999969482422,90.20999908447266,688.0,0,0.0,890.142353147215,none
-440,171.1999969482422,90.20999908447266,688.0,0,0.0,890.142353147215,none
-190,171.1999969482422,90.20999908447266,688.0,0,0.0,890.142353147215,none
30,171.20120239257812,90.20158386230469,688.0,1,0.0,890.1406427949296,none
80,171.2317657470703,90.13607788085938,688.0,4,0.0,890.1082775629143,none
130,171.3029327392578,90.03264617919922,688.0,7,0.0,890.0365744627469,none
180,171.41259765625,90.00665283203125,688.000244140625,10,0.0,889.9360954705569,none
230,171.56239318847656,90.00825500488281,688.0005493164062,13,0.0,889.8015918751875,none
280,171.7513885498047,90.00827026367188,688.0005493164062,15,0.0,889.6315825373089,none
330,171.9800567626953,90.00804138183594,688.0005493164062,18,0.0,889.4258776768053,none
380,172.24864196777344,90.00835418701172,688.0005493164062,21,0.0,889.184321877943,none
440,172.62353515625,90.00946807861328,688.0005493164062,25,0.0,888.8472327676908,none
480,172.9052276611328,90.01036834716797,688.0005493164062,27,0.0,888.5939706554977,up
540,173.375,90.01138305664062,688.0005493164062,30,0.0,888.1716129750598,up
590,173.80960083007812,90.01160430908203,688.0005493164062,33,0.0,887.7808659839245,up
640,174.28335571289062,90.0112075805664,688.0005493164062,36,0.0,887.3549148314895,up
690,174.79588317871094,90.0092544555664,688.0005493164062,39,0.0,886.8940445889014,up
740,175.3459014892578,90.00160217285156,688.0005493164062,42,0.0,886.3991115406285,up
790,175.93331909179688,89.98700714111328,688.0005493164062,45,0.0,885.8701182116446,up
840,176.55941772460938,89.96678161621094,688.0005493164062,48,0.0,885.3060244819767,up
890,177.22634887695312,89.94344329833984,688.0005493164062,51,0.0,884.7051005901169,up
940,177.93727111816406,89.9170150756836,688.0005493164062,54,0.0,884.0645287830662,up
990,178.69656372070312,89.88768005371094,688.0005493164062,57,0.0,883.3804102265736,up
1050,179.67218017578125,89.83165740966797,688.0005493164062,61,0.0,882.5001994115199,up
1090,180.36119079589844,89.78360748291016,688.0005493164062,64,0.0,881.8780573459248,up
1150,181.4503631591797,89.70671081542969,688.0005493164062,67,0.0,880.8947274969946,up
1200,182.40599060058594,89.6647720336914,688.0005493164062,71,0.0,880.0340804436767,up
1250,183.40184020996094,89.61361694335938,688.0005493164062,74,0.0,879.1368637074064,up
1300,184.4379119873047,89.55397033691406,688.0005493164062,77,0.0,878.2031577479771,up
1350,185.5152130126953,89.48790740966797,688.0005493164062,80,0.0,877.2322423144467,up
1400,186.63613891601562,89.43523406982422,688.0005493164062,83,0.0,876.223478874645,up
1460,188.0465545654297,89.40680694580078,688.0008544921875,86,0.0,874.9575472817666,up
1500,189.02711486816406,89.36505889892578,688.0010375976562,89,0.0,874.0760405007178,up
1550,190.2881622314453,89.36658477783203,688.0,92,0.0,872.9462685142818,up
1610,191.8387451171875,89.36443328857422,687.9992065429688,95,0.0,871.5575052582617,up
1660,193.16802978515625,89.3460922241211,687.9990844726562,98,0.0,870.366387393603,up
1710,194.54010009765625,89.350341796875,687.9991455078125,101,0.0,869.1391767656347,up
1760,195.9509735107422,89.33971405029297,687.99951171875,102,0.0,867.876716892382,up
1810,197.37042236328125,89.32589721679688,687.9998168945312,102,0.0,866.6067823055998,up
1860,198.79075622558594,89.30735778808594,688.0001220703125,102,0.0,865.3361653977814,up
1910,200.20779418945312,89.26609802246094,688.0003051757812,102,0.0,864.0671885135603,up
1960,201.6248779296875,89.20823669433594,688.0001220703125,102,1.0,862.7972162353723,up
2010,203.0457305908203,89.13607788085938,688.0088500976562,103,1.0,861.5272232131935,up
2060,204.4767608642578,89.041748046875,688.040771484375,105,1.0,860.2572779243196,up
2120,206.23284912109375,88.89765930175781,688.1356811523438,108,1.0,858.7222983713158,up
2160,207.42587280273438,88.78497314453125,688.2540283203125,110,0.0,857.702943301785,up
2220,209.25296020507812,88.62183380126953,688.5137939453125,112,0.0,856.1786368895703,up
2270,210.80282592773438,88.4862289428711,688.8092651367188,115,0.0,854.9205597853309,up
2320,212.375,88.37000274658203,689.157470703125,117,0.0,853.6689054754291,up
2370,213.96746826171875,88.26199340820312,689.5502319335938,119,0.0,852.421142306152,up
2420,215.5832977294922,88.17898559570312,689.9783935546875,122,0.0,851.171858774614,up
2470,217.2281036376953,88.10736083984375,690.43603515625,124,0.0,849.9125287046718,up
2520,218.8983154296875,88.05640411376953,690.9154663085938,126,0.0,848.6436928103622,up
2570,220.5936737060547,88.02608489990234,691.412353515625,128,0.0,847.3637434370536,up
2630,222.66004943847656,88.01818084716797,692.0267333984375,130,0.0,845.8122612918261,up
2680,224.4066925048828,88.01481628417969,692.5520629882812,132,0.0,844.5059216144425,up
2720,225.82122802734375,88.01335906982422,692.9803466796875,134,0.0,843.4507805982007,up
2770,227.61082458496094,88.01408386230469,693.5249633789062,136,1.0,842.1191688688676,up
2830,229.78392028808594,88.01392364501953,694.2103881835938,137,1.0,840.5160424842446,up
2880,231.6095733642578,88.0146255493164,694.8244018554688,140,1.0,839.1894425098837,up
2930,233.43896484375,88.0172119140625,695.5028076171875,141,1.0,837.8920269516996,up
2980,235.26083374023438,88.02507781982422,696.269775390625,143,1.0,836.6455921267973,up
3030,237.0638885498047,88.03475189208984,697.139404296875,145,0.0,835.4668454018528,up
3080,238.84742736816406,88.0406494140625,698.1044311523438,147,0.0,834.3530387825421,up
3130,240.609130859375,88.04058074951172,699.1607666015625,149,0.0,833.3045717940979,up
3180,242.35800170898438,88.0340805053711,700.2890625,151,0.0,832.3047831584315,up
3230,244.10304260253906,88.02348327636719,701.4727783203125,153,0.0,831.3384695467593,up
3290,246.2002716064453,88.01013946533203,702.9521484375,155,0.0,830.2098867976405,up
3330,247.60292053222656,88.00700378417969,703.9686889648438,157,0.0,829.472145432982,up
3390,249.71954345703125,88.01033020019531,705.5322265625,159,0.0,828.3794087200449,up
3440,251.49868774414062,88.01519012451172,706.865478515625,161,0.0,827.4756481925525,up
3490,253.2924041748047,88.0202407836914,708.2220458984375,162,0.0,826.5755971629914,up
3540,255.0859832763672,88.02417755126953,709.5869140625,162,0.0,825.6847907746312,up
3590,256.87646484375,88.02577209472656,710.9549560546875,162,0.0,824.8032470668757,up
3640,258.6652526855469,88.02477264404297,712.32470703125,162,0.0,823.9290322572629,up
3690,260.4568176269531,88.02188110351562,713.6982421875,163,0.0,823.059387170056,up
3740,262.2683410644531,88.01810455322266,715.087890625,165,0.0,822.1857596937888,up
3790,264.1017150878906,88.01493072509766,716.4953002929688,167,0.0,821.3076617811656,up
3840,265.95648193359375,88.01416778564453,717.9201049804688,169,0.0,820.4256676737739,up
3900,268.2095031738281,88.01698303222656,719.653076171875,172,0.0,819.363418220619,up
3950,270.1097106933594,88.0195083618164,721.1157836914062,174,0.0,818.474691796247,up
4000,272.0306091308594,88.0213623046875,722.59521484375,176,0.0,817.5828070877357,up
4050,273.9725646972656,88.02200317382812,724.0913696289062,178,0.0,816.68763515994,up
4100,275.9359130859375,88.02135467529297,725.6041259765625,179,0.0,815.7890522276425,up
4150,277.92120361328125,88.01976776123047,727.1336669921875,181,0.0,814.8869486414106,up
4200,279.9291076660156,88.01795196533203,728.6792602539062,183,-1.0,813.9806716127172,up
4250,281.9708251953125,88.01659393310547,730.2254638671875,185,-1.0,813.052938929255,up
4300,284.054931640625,88.01670837402344,731.7584838867188,187,-1.0,812.0895022103911,up
4350,286.197265625,88.01998138427734,733.2538452148438,189,-1.0,811.0643035135804,up
4400,288.41259765625,88.02597045898438,734.6858520507812,191,-1.0,809.9512287717678,up
4460,291.17755126953125,88.03858184814453,736.2933349609375,193,-1.0,808.4763988158223,up
4510,293.57269287109375,88.0463638305664,737.5220336914062,195,-1.0,807.1188620064869,up
4560,296.0473327636719,88.04899597167969,738.6422729492188,197,0.0,805.642540533611,up
4600,298.07781982421875,88.04644012451172,739.4690551757812,198,0.0,804.3857354098448,up
4660,301.1996765136719,88.036865234375,740.6008911132812,200,0.0,802.3851509325759,up
4710,303.85595703125,88.02531433105469,741.4708251953125,202,0.0,800.6387976337983,up
4760,306.5461120605469,88.01338958740234,742.2927856445312,203,0.0,798.8438967639152,up
4810,309.26446533203125,88.00629425048828,743.0792846679688,204,0.0,797.0123300617862,up
4860,312.0079650878906,88.00784301757812,743.840576171875,205,0.0,795.1525271355509,up
4910,314.77410888671875,88.01226043701172,744.5862426757812,207,0.0,793.2713950381126,up
4960,317.560791015625,88.01824951171875,745.32177734375,208,0.0,791.3736678268983,up
5010,320.3667297363281,88.0235824584961,746.0513916015625,209,-1.0,789.4626451321318,up
5070,323.7618103027344,88.026611328125,746.9091796875,210,-1.0,787.1441295164628,up
5110,326.0448913574219,88.02609252929688,747.4559326171875,212,-1.0,785.5727816148928,up
5160,328.92425537109375,88.02420806884766,748.0914306640625,213,-1.0,783.5659056370376,up
5220,332.4234313964844,88.02621459960938,748.7412719726562,214,-1.0,781.065848513756,up
5270,335.3766784667969,88.03145599365234,749.1609497070312,215,-1.0,778.8891000144289,up
5320,338.36004638671875,88.03823852539062,749.4584350585938,216,0.0,776.6233239500409,up
5370,341.36859130859375,88.04117584228516,749.6459350585938,217,0.0,774.2785373465424,up
5420,344.3984375,88.03931427001953,749.734130859375,219,0.0,771.8634608373811,up
5470,347.44659423828125,88.03243255615234,749.7498779296875,220,0.0,769.3955829000399,up
5520,350.5118713378906,88.02240753173828,749.7136840820312,221,0.0,766.8876211961589,up
5570,353.59375,88.01229095458984,749.638916015625,222,-1.0,764.3478455964062,up
5620,356.69085693359375,88.00776672363281,749.5195922851562,224,-1.0,761.7742471805041,up
5670,359.8013916015625,88.00955963134766,749.342529296875,225,-1.0,759.1604857940952,up
5720,362.92266845703125,88.01515197753906,749.0863037109375,226,-1.0,756.4957241292603,up
5780,366.67413330078125,88.02635192871094,748.6373291015625,227,-1.0,753.2150147260924,up
5820,369.1734924316406,88.03692626953125,748.2376098632812,228,-1.0,750.9727724428024,up
5880,372.91058349609375,88.04948425292969,747.4750366210938,229,0.0,747.5256674074111,up
5920,375.39251708984375,88.05213165283203,746.867431640625,230,0.0,745.1778253399295,up
5980,379.1009521484375,88.04690551757812,745.8224487304688,232,0.0,741.5899934292491,up
6030,382.1829528808594,88.03557586669922,744.857177734375,233,0.0,738.5519892691183,up
6080,385.2631530761719,88.021240234375,743.8297729492188,234,0.0,735.479718527932,up
6130,388.3447570800781,88.0082778930664,742.75537109375,235,-1.0,732.3798653350431,up
6180,391.41448974609375,88.00762939453125,741.63818359375,235,-1.0,729.2663537484406,up
6230,394.4632873535156,88.01307678222656,740.4671630859375,235,-1.0,726.1390903812778,up
6280,397.4836120605469,88.02066040039062,739.2282104492188,235,-1.0,722.9950647957629,up
6330,400.46282958984375,88.02889251708984,737.8963623046875,234,-1.0,719.8289357437948,up
6390,403.97357177734375,88.03965759277344,736.1500244140625,235,-1.0,715.9926287722764,up
6430,406.27532958984375,88.04515075683594,734.8859252929688,237,0.0,713.4059803584055,up
6490,409.6741638183594,88.0500717163086,732.8566284179688,238,0.0,709.4885849719059,up
6540,412.4613037109375,88.04570770263672,731.0580444335938,239,1.0,706.1946350310044,up
6590,415.2264099121094,88.03394317626953,729.1947021484375,240,1.0,702.8785967924061,up
6640,417.9936218261719,88.01810455322266,727.304443359375,242,1.0,699.5444429405051,up
6690,420.7834777832031,88.00897979736328,725.418701171875,243,1.0,696.195869101883,up
6740,423.61956787109375,88.02076721191406,723.5737915039062,244,1.0,692.8374816002982,up
6790,426.5198974609375,88.03418731689453,721.80126953125,245,1.0,689.4724198212884,up
6840,429.49322509765625,88.04529571533203,720.1226806640625,246,0.0,686.1065811664569,up
6900,433.15631103515625,88.05099487304688,718.2420654296875,248,0.0,682.0733506904243,up
6950,436.2794189453125,88.04739379882812,716.7769165039062,249,0.0,678.7185267719301,up
7000,439.455810546875,88.03758239746094,715.3883666992188,250,0.0,675.3685935854953,up
7040,442.0274963378906,88.02700805664062,714.317138671875,251,0.0,672.689253971773,up
7100,445.92657470703125,88.01128387451172,712.7576904296875,252,0.0,668.6680995585874,up
7150,449.20819091796875,88.00756072998047,711.4902954101562,254,0.0,665.3139136802275,up
7200,452.5157775878906,88.0119857788086,710.2415771484375,255,0.0,661.9532668611987,up
7250,455.846435546875,88.01862335205078,709.0040283203125,256,0.0,658.5834352096915,up
7300,459.19830322265625,88.02484130859375,707.772705078125,258,0.0,655.2027262445293,up
7350,462.5695495605469,88.0284423828125,706.5438842773438,259,0.0,651.8101842326876,up
7400,465.95916748046875,88.028564453125,705.3145141601562,260,0.0,648.4047281523093,up
7450,469.3663024902344,88.02579498291016,704.0823974609375,261,0.0,644.985810897187,up
7500,472.79217529296875,88.02153778076172,702.8519287109375,262,1.0,641.5554276347075,up
7550,476.2443542480469,88.01815795898438,701.6466064453125,264,1.0,638.1226490636265,up
7610,480.4291687011719,88.01819610595703,700.2591552734375,265,0.0,634.0110499383691,up
7660,483.9566650390625,88.02134704589844,699.1651611328125,266,0.0,630.5959117598379,up
7710,487.5204772949219,88.02520751953125,698.1317749023438,268,0.0,627.193931377151,up
7760,491.11456298828125,88.02730560302734,697.1415405273438,269,0.0,623.7990759851233,up
7810,494.7345886230469,88.0264892578125,696.1803588867188,270,0.0,620.4061068382831,up
7860,498.3775634765625,88.02301788330078,695.2379150390625,271,0.0,617.0111745595193,up
7910,502.0420837402344,88.01849365234375,694.3102416992188,273,1.0,613.6132942469876,up
7960,505.7322998046875,88.01484680175781,693.417236328125,274,1.0,610.2224334890162,up
8020,510.1985168457031,88.01383209228516,692.4151000976562,275,0.0,606.1755853928172,up
8070,513.9495239257812,88.00697326660156,691.6450805664062,276,0.0,602.8279601882884,up
8110,516.9613037109375,87.97122192382812,691.0558471679688,276,0.0,600.1596866563559,up
8170,521.4843139648438,87.84483337402344,690.2003173828125,276,0.0,596.1709743220512,up
8220,525.2477416992188,87.67105102539062,689.4891357421875,276,0.0,592.8519870417068,up
8270,529.0054931640625,87.43514251708984,688.7789916992188,275,0.0,589.5375008111426,up
8320,532.7582397460938,87.13723754882812,688.0698852539062,275,0.0,586.2270649711493,up
8370,536.505615234375,86.77740478515625,687.36181640625,275,0.0,582.9210241185648,up
8420,540.2473754882812,86.3556900024414,686.65478515625,274,0.0,579.619647597544,up
8470,543.9837646484375,85.87223815917969,685.9487915039062,274,0.0,576.3228724661525,up
8520,547.7152099609375,85.21068572998047,685.1031494140625,274,0.0,572.9247204480837,up
8570,551.4410400390625,84.7203598022461,684.5401611328125,273,0.0,569.7433938280118,up
8620,555.1612548828125,84.05216217041016,683.83740234375,273,0.0,566.4614541403264,up
8680,559.618896484375,83.16925048828125,682.995361328125,273,0.0,562.5297040385417,up
8730,563.3277587890625,82.36600494384766,682.2947998046875,273,0.0,559.2592933775309,up
8780,567.0310668945312,81.50152587890625,681.5953369140625,273,0.0,555.9948831099081,up
8830,570.7288208007812,80.57589721679688,680.89697265625,273,0.0,552.7367596369456,up
8880,574.4216918945312,79.58920288085938,680.1995849609375,273,0.0,549.4846668541318,up
8930,578.1092529296875,78.54153442382812,679.5032348632812,273,0.0,546.2392996919725,up
8980,581.7913208007812,77.43299865722656,678.8079223632812,273,0.0,543.0011615912574,up
9030,585.4678955078125,76.26367950439453,678.1136474609375,273,0.0,539.7706493688798,up
9090,589.8729248046875,74.78038787841797,677.2817993164062,273,0.0,535.904364129149,up
9130,592.8055419921875,73.74305725097656,676.7280883789062,273,0.0,533.3334608088531,up
9190,597.1978759765625,72.11445617675781,675.8988647460938,273,0.0,529.4880555174087,up
9240,600.8521118164062,70.69082641601562,675.2097778320312,274,0.0,526.2946587008022,up
9290,604.5008544921875,69.20689392089844,674.5217895507812,274,0.0,523.1114968720909,up
9340,608.1448364257812,67.6626968383789,673.8347778320312,274,0.0,519.9385583828396,up
9390,611.78369140625,66.05824279785156,673.1488037109375,274,0.0,516.7767665423294,up
9440,615.4170532226562,64.39380645751953,672.4638061523438,275,0.0,513.6270109374202,up
9490,619.044921875,62.669368743896484,671.7798461914062,275,0.0,510.49002225848443,up
9540,622.6672973632812,60.885047912597656,671.0969848632812,276,0.0,507.3665797202003,up
9590,626.2843627929688,59.04090881347656,670.4151000976562,276,0.0,504.2572384005193,up
9640,629.8968505859375,57.13705062866211,669.7342529296875,277,0.0,501.1623531586986,up
9700,634.2246704101562,54.77371597290039,668.9185180664062,277,0.0,497.4694791300845,up
9750,637.8252563476562,52.73877716064453,668.2398681640625,278,0.0,494.41063745801864,up
9800,641.4204711914062,50.644405364990234,667.5621948242188,279,0.0,491.3696107008659,up
9850,645.032958984375,48.471588134765625,666.9458618164062,288,0.0,488.3759939046677,up
9900,648.5685424804688,46.28718948364258,666.77392578125,291,0.0,485.7828732092822,up
9950,651.9783325195312,44.1148681640625,666.650634765625,287,0.0,483.3318292897922,up
10000,655.2940063476562,41.94892120361328,666.7031860351562,279,0.0,481.0967106265379,up
10050,658.5408325195312,39.897613525390625,666.7993774414062,260,0.0,478.9657329186926,up
10100,661.7633666992188,38.1038932800293,667.000732421875,252,0.0,476.95934703225157,up
10150,664.927001953125,36.38477325439453,667.1703491210938,245,0.0,474.9890214737113,up
10200,668.080810546875,34.871341705322266,667.27294921875,241,0.0,472.99762105529595,up
10250,671.1500854492188,33.39039611816406,667.3681030273438,236,0.0,471.0727042783354,up
10300,674.1306762695312,31.905691146850586,667.5184936523438,232,0.0,469.26356369541475,up
10360,677.5767822265625,30.12550163269043,667.72314453125,225,0.0,467.2158307602121,up
10410,680.4005126953125,28.813034057617188,667.9190673828125,219,0.0,465.5788609496857,up
10460,683.2069702148438,27.666759490966797,668.1759033203125,213,0.0,464.01680565490267,up
10510,685.965576171875,26.6053409576416,668.4574584960938,207,0.0,462.5189764243546,up
10560,688.662841796875,25.616104125976562,668.748779296875,197,0.0,461.08104651041054,up
10610,691.3873901367188,25.14947509765625,668.9463500976562,194,0.0,459.566865490418,up
10660,694.0512084960938,24.727996826171875,669.0445556640625,191,0.0,458.0223784778486,up
10710,696.6968994140625,24.357906341552734,669.0748291015625,188,0.0,456.4454036076079,up
10760,699.3275146484375,24.06660270690918,669.048828125,186,0.0,454.84265187304544,up
10810,701.9310913085938,24.094430923461914,669.0618286132812,183,0.0,453.2970763331842,up
10860,704.4796142578125,24.094913482666016,669.1141967773438,181,0.0,451.8255350143772,up
10920,707.4862670898438,24.01519203186035,669.20361328125,181,0.0,450.12419070294544,up
10970,710.0103149414062,24.03589630126953,669.2716674804688,183,0.0,448.7008403097177,up
11020,712.571044921875,24.022762298583984,669.328857421875,185,0.0,447.25708446192215,up
11070,715.1612548828125,24.00430679321289,669.3896484375,187,1.0,445.80932796468596,up
11120,717.777099609375,24.0125789642334,669.476806640625,189,1.0,444.37892144002456,up
11170,720.4166259765625,24.016769409179688,669.60400390625,191,0.0,442.9788640902619,up
11220,723.0792236328125,24.020490646362305,669.7809448242188,193,0.0,441.6182639270705,up
11270,725.7626342773438,24.025070190429688,670.0198974609375,195,0.0,440.3093985471363,up
11320,728.4674682617188,24.028335571289062,670.3104858398438,197,0.0,439.0442413724433,up
11370,731.1956176757812,24.028785705566406,670.6370849609375,199,0.0,437.80958106681175,up
11420,733.9490966796875,24.026315689086914,670.9893798828125,201,0.0,436.5964491966671,up
11470,736.724365234375,24.020545959472656,671.3607788085938,202,0.0,435.4019349816254,up
11530,740.0758666992188,24.01289176940918,671.8250122070312,204,0.0,433.99238859017436,up
11580,742.8858642578125,24.010881423950195,672.2247314453125,205,0.0,432.8363324634114,up
11630,745.7113647460938,24.013809204101562,672.6344604492188,206,0.0,431.69623943874905,up
11680,748.5534057617188,24.01753044128418,673.05224609375,207,0.0,430.57036200678954,up
11730,751.412109375,24.02082061767578,673.4769897460938,209,0.0,429.45815849303403,up
11780,754.28759765625,24.02292251586914,673.9075927734375,210,0.0,428.3590814557583,up
11830,757.1798095703125,24.023218154907227,674.3423461914062,211,0.0,427.2721421360191,up
11880,760.0894775390625,24.021867752075195,674.780517578125,212,0.0,426.1967869285409,up
11930,763.0162353515625,24.019594192504883,675.2210083007812,214,0.0,425.13269605831664,up
11980,765.9600830078125,24.017839431762695,675.6633911132812,215,0.0,424.0799420203579,up
12040,769.515380859375,24.016748428344727,676.197021484375,216,0.0,422.83241364387544,up
12090,772.4974975585938,24.01746940612793,676.6421508789062,218,-1.0,421.8046195757737,up
12140,775.5000610351562,24.01911163330078,677.0653686523438,219,-1.0,420.7669960071088,up
12190,778.52392578125,24.022228240966797,677.4487915039062,220,0.0,419.7035788290519,up
12240,781.5709838867188,24.025856018066406,677.77490234375,221,0.0,418.5980633779836,up
12290,784.6416625976562,24.02895736694336,678.0361328125,222,0.0,417.44353368617976,up
12340,787.734375,24.029937744140625,678.2393798828125,224,0.0,416.246869235332,up
12390,790.8467407226562,24.027666091918945,678.401611328125,225,0.0,415.0244179017149,up
12440,793.9778442382812,24.02276611328125,678.5350952148438,226,0.0,413.787814969832,up
12500,797.759033203125,24.016145706176758,678.6690063476562,227,0.0,412.2965450690053,up
12540,800.2940063476562,24.013120651245117,678.7462158203125,229,0.0,411.30181408339763,up
12590,803.4779663085938,24.014541625976562,678.8319091796875,230,0.0,410.0609373884283,up
12640,806.6796264648438,24.018028259277344,678.9088134765625,231,0.0,408.8259128605629,up
12690,809.899169921875,24.021800994873047,678.9793701171875,232,0.0,407.59937298841476,up
12750,813.7857055664062,24.024749755859375,679.0581665039062,234,0.0,406.14194009475847,up
12800,817.0437622070312,24.02509880065918,679.1213989257812,235,0.0,404.9422889685448,up
12850,820.31005859375,24.023780822753906,679.1830444335938,235,0.0,403.760807447865,up
12900,823.5757446289062,24.02162742614746,679.243896484375,235,0.0,402.6018555670314,up
12950,826.8414306640625,24.01953125,679.3046264648438,235,0.0,401.46601851976476,up
13000,830.1071166992188,24.018224716186523,679.3651123046875,235,0.0,400.35337887227917,up
13050,833.3757934570312,24.018024444580078,679.425537109375,236,0.0,399.2632637799178,up
13100,836.6605224609375,24.01866340637207,679.4859619140625,237,0.0,398.19154963355237,up
13150,839.9635009765625,24.01976776123047,679.5460205078125,238,0.0,397.13770778329433,up
13200,843.2840576171875,24.020898818969727,679.6055297851562,239,0.0,396.10238222696125,up
13260,847.2907104492188,24.021766662597656,679.6763305664062,241,0.0,394.8857557075909,up
13310,850.6484985351562,24.021875381469727,679.7349243164062,242,0.0,393.8939589391122,up
13360,854.0234985351562,24.021465301513672,679.7943725585938,243,0.0,392.92400926926496,up
13410,857.415771484375,24.0207576751709,679.854736328125,245,0.0,391.976554404763,up
13460,860.8253784179688,24.020023345947266,679.9151611328125,246,-1.0,391.051371218776,up
13510,864.25244140625,24.01951789855957,679.966552734375,247,-1.0,390.1402983970802,up
13560,867.6964721679688,24.019378662109375,679.9840087890625,248,-1.0,389.2200317831234,up
13610,871.156494140625,24.020458221435547,679.9429321289062,249,-1.0,388.2674534981914,up
13660,874.6298217773438,24.02532958984375,679.8089599609375,251,-1.0,387.25018878717106,up
13720,878.808837890625,24.033370971679688,679.490234375,252,-1.0,385.9112973873141,up
13760,881.5968627929688,24.040817260742188,679.16845703125,253,-1.0,384.9347517697882,up
13820,885.77197265625,24.04973793029785,678.5072021484375,254,-1.0,383.3313256573352,up
13870,889.2363891601562,24.05244255065918,677.7847290039062,255,0.0,381.8615877618303,up
13920,892.68408203125,24.049182891845703,676.9198608398438,256,0.0,380.28331563363525,up
13970,896.1145629882812,24.041309356689453,675.9279174804688,258,0.0,378.6107780073355,up
14020,899.5325927734375,24.030406951904297,674.8360595703125,259,0.0,376.8689918170755,up
14070,902.9437255859375,24.018970489501953,673.6685791015625,260,-1.0,375.0803788691096,up
14120,906.3446044921875,24.01129913330078,672.422119140625,261,-1.0,373.2420725490969,up
14170,909.7301025390625,24.009706497192383,671.0905151367188,262,-1.0,371.3486306654164,up
14230,913.755859375,24.017532348632812,669.3493041992188,264,-1.0,368.9753320954978,up
14280,917.0650634765625,24.02973747253418,667.7584228515625,265,-1.0,366.8944282554648,up
14320,919.6746215820312,24.040401458740234,666.3870239257812,266,-1.0,365.15548458265647,up
14380,923.5144653320312,24.05305290222168,664.1589965820312,267,-1.0,362.4169349140031,up
14430,926.6351928710938,24.058002471923828,662.142333984375,268,-1.0,360.01196620936986,up
14480,929.6743774414062,24.057161331176758,659.9793701171875,269,-1.0,357.49379687091846,up
14530,932.62255859375,24.05194854736328,657.6697998046875,270,-1.0,354.8613437451769,up
14580,935.4702758789062,24.04492950439453,655.2151489257812,271,-1.0,352.11514210571903,up
14630,938.20849609375,24.03877067565918,652.6173706054688,272,-1.0,349.25592849094375,up
14680,940.8289184570312,24.035449981689453,649.8804931640625,273,-1.0,346.2862863965978,up
14730,943.3236083984375,24.03568458557129,647.00927734375,274,-1.0,343.2093857951293,up
14780,945.6858520507812,24.038862228393555,644.0098266601562,275,-1.0,340.0295552811775,up
14830,947.9100952148438,24.043575286865234,640.8887939453125,276,-1.0,336.7515513095673,up
14890,950.3886108398438,24.048851013183594,636.9932861328125,278,-1.0,332.6959521321483,up
14940,952.2897338867188,24.05133628845215,633.6295776367188,279,-1.0,329.22013383655474,up
14990,954.0360107421875,24.05148696899414,630.166748046875,280,-1.0,325.66258857342314,up
15040,955.622802734375,24.049636840820312,626.6115112304688,281,-1.0,322.0282273497761,up
15090,957.045166015625,24.04671287536621,622.9718627929688,282,-1.0,318.3233493943281,up
15140,958.2982177734375,24.043842315673828,619.255126953125,283,-1.0,314.5536926736952,up
15190,959.3785400390625,24.041955947875977,615.4692993164062,284,-1.0,310.7257453605468,up
15240,960.2821655273438,24.041521072387695,611.62255859375,285,-1.0,306.84638307678597,up
15290,961.0068969726562,24.042469024658203,607.7232055664062,286,0.0,302.92274478188085,up
15340,961.559814453125,24.04353141784668,603.7808837890625,287,0.0,298.96323500894016,up
15400,962.030029296875,24.042011260986328,599.00537109375,288,0.0,294.17437059122074,up
15450,962.2921142578125,24.037389755249023,594.9967041015625,290,0.0,290.1591508695639,up
15500,962.472412109375,24.02954864501953,590.9663696289062,291,0.0,286.1250432291313,up
15550,962.5938720703125,24.02016258239746,586.9161987304688,292,0.0,282.0730734327481,up
15600,962.6725463867188,24.011629104614258,582.8478393554688,293,0.0,278.0043585281467,up
15650,962.7194213867188,24.00867462158203,578.76220703125,295,0.0,273.91946848164577,up
15700,962.7432250976562,24.011280059814453,574.658935546875,296,1.0,269.81777096608386,up
15750,962.7609252929688,24.016597747802734,570.5382690429688,297,1.0,265.69895201762347,up
15800,962.8030395507812,24.022449493408203,566.4009399414062,298,1.0,261.5626808008645,up
15850,962.8941650390625,24.02659797668457,562.2478637695312,299,0.0,257.4089748858332,up
15900,963.04638671875,24.02806854248047,558.07958984375,301,0.0,253.23792522865523,up
15950,963.2640380859375,24.029537200927734,553.8968505859375,302,0.0,249.05011570888436,up
16000,963.5291748046875,24.029510498046875,549.6996459960938,303,0.0,244.84622214968448,up
16060,963.8912963867188,24.02547264099121,544.6429443359375,305,0.0,239.7800919449751,up
16110,964.2186279296875,24.02010726928711,540.4111328125,306,0.0,235.5397028266433,up
16160,964.5634765625,24.015260696411133,536.1632690429688,307,0.0,231.2828551111329,up
16210,964.92236328125,24.014083862304688,531.899658203125,308,0.0,227.0100174718568,up
16260,965.2922973632812,24.016809463500977,527.6199340820312,310,0.0,222.72096580229856,up
16310,965.6708984375,24.020278930664062,523.3234252929688,311,0.0,218.41514592508912,up
16360,966.0560302734375,24.023231506347656,519.0099487304688,312,0.0,214.09247878295736,up
16420,966.5250244140625,24.024742126464844,513.8112182617188,314,0.0,208.88298360992113,up
16470,966.91943359375,24.024085998535156,509.4600524902344,315,0.0,204.52316690158364,up
16520,967.3162231445312,24.022207260131836,505.0916748046875,316,0.0,200.14648781564728,up
16570,967.7146606445312,24.01997184753418,500.7059631347656,317,0.0,195.7528761954022,up
16620,968.1145629882812,24.018247604370117,496.3030700683594,319,0.0,191.3425242107115,up
16670,968.5106201171875,24.017574310302734,491.882568359375,320,-1.0,186.9151423438439,up
16720,968.8761596679688,24.01804542541504,487.442626953125,321,-1.0,182.46936957641557,up
16770,969.18603515625,24.021286010742188,482.9822998046875,322,0.0,178.0045445908665,up
16820,969.4104614257812,24.027620315551758,478.5001525878906,324,0.0,173.51947850581655,up
16870,969.5467529296875,24.033401489257812,473.9970703125,325,0.0,169.0148789635266,up
16920,969.6033325195312,24.0361270904541,469.47515869140625,326,0.0,164.49262338093422,up
16980,969.5979614257812,24.032995223999023,464.0257568359375,327,0.0,159.04390027674611,up
17030,969.5515747070312,24.02581024169922,459.4657897949219,329,0.0,154.48519563230911,up
17070,969.4945068359375,24.018917083740234,455.805419921875,330,0.0,150.8262329028484,up
17130,969.3842163085938,24.011079788208008,450.29425048828125,331,0.0,145.3177954416917,up
17180,969.2734985351562,24.013378143310547,445.6839904785156,332,0.0,140.71040887642815,up
17230,969.15673828125,24.018239974975586,441.056640625,334,1.0,136.0863473242573,up
17280,969.063232421875,24.02332305908203,436.41107177734375,335,0.0,131.4438851124053,up
17330,969.0020141601562,24.02676773071289,431.7478942871094,336,0.0,126.78334804627761,up
17380,968.9896850585938,24.027639389038086,427.0670471191406,337,0.0,122.10416353412678,up
17430,969.0201416015625,24.027074813842773,422.3689880371094,339,0.0,117.40681258758116,up
17490,969.0951538085938,24.024818420410156,416.70880126953125,340,0.0,111.74656606994841,up
17530,969.1622924804688,24.02236557006836,412.9217529296875,341,0.0,107.95905631118512,up
17580,969.2591552734375,24.01942253112793,408.17413330078125,342,0.0,103.21053429479579,up
17640,969.3908081054688,24.017614364624023,402.4742431640625,342,0.0,97.5091599441566,up
17690,969.5094604492188,24.017932891845703,397.72509765625,342,0.0,92.75854054589105,up
17740,969.6342163085938,24.019502639770508,392.9757995605469,342,0.0,88.00760547330556,up
17790,969.763916015625,24.021425247192383,388.21533203125,343,0.0,83.24537233803197,up
17840,969.8975219726562,24.022884368896484,383.4368591308594,345,0.0,78.46503557549745,up
17890,970.0335083007812,24.02346420288086,378.6408386230469,346,0.0,73.6670941009454,up
17940,970.1709594726562,24.023141860961914,373.82745361328125,347,0.0,68.85175593755599,up
18000,970.3363647460938,24.02198028564453,368.0291442871094,349,0.0,63.05109987110652,up
18040,970.4476928710938,24.021089553833008,364.1499938964844,350,0.0,59.170363190924164,up
18100,970.6143188476562,24.020109176635742,358.3109130859375,351,0.0,53.328922459499665,up
18150,970.7539672851562,24.019861221313477,353.42633056640625,352,0.0,48.44236249525228,up
18200,970.8948974609375,24.020112991333008,348.52398681640625,354,0.0,43.53801884042231,up
18250,971.037353515625,24.02068328857422,343.6040344238281,355,0.0,38.616040577050526,up
18300,971.18017578125,24.021310806274414,338.6666259765625,356,0.0,33.67661310978089,up
18350,971.3238525390625,24.021772384643555,333.7117919921875,357,0.0,28.719760598380823,up
18400,971.4678955078125,24.021947860717773,328.7395935058594,359,0.0,23.74556625399017,up
18450,971.6124267578125,24.021821975708008,323.75006103515625,360,0.0,18.754078970687104,up
18500,971.7576904296875,24.02149772644043,318.7431945800781,361,0.0,13.745347334498168,up
18550,971.9030151367188,24.02113914489746,313.7190246582031,362,0.0,8.719589664514427,up
18610,972.0787963867188,24.020828247070312,307.66717529296875,364,0.0,496.50241744279987,up
18660,972.2252807617188,24.0207462310791,302.6048583984375,365,0.0,495.3245501893497,up
18710,972.3728637695312,24.020828247070312,297.5251770019531,366,0.0,7.4841459137723625,up
18760,972.5147705078125,24.02100944519043,292.4280090332031,368,-1.0,12.58254294416367,up
18810,972.6227416992188,24.021224975585938,287.3130187988281,369,-1.0,17.697953603005683,up
18860,972.6660766601562,24.022302627563477,282.1806945800781,370,-1.0,22.829035357896245,up
18910,972.601806640625,24.027841567993164,277.0329895019531,371,0.0,27.973498576035727,up
18960,972.4132080078125,24.03557014465332,271.8715515136719,372,0.0,33.131044432740225,up
19010,972.105224609375,24.041139602661133,266.69891357421875,373,0.0,38.30125306149252,up
19060,971.699951171875,24.0426082611084,261.51605224609375,375,0.0,43.48500381772574,up
19110,971.2261962890625,24.03790855407715,256.32147216796875,376,-1.0,48.68469247243299,up
19160,970.6874389648438,24.028886795043945,251.11605834960938,377,-1.0,53.89993338308165,up
19220,969.93115234375,24.018903732299805,244.86000061035156,379,-1.0,60.175576561947295,up
19270,969.1730346679688,24.016357421875,239.6458740234375,380,-1.0,65.41524121115933,up
19320,968.2637939453125,24.021257400512695,234.44009399414062,381,-1.0,70.6587575825946,up
19370,967.1820678710938,24.032299041748047,229.25177001953125,382,-1.0,75.90130340383378,up
19420,965.9140014648438,24.046024322509766,224.09022521972656,383,-1.0,81.13835807682307,up
19470,964.4522094726562,24.058252334594727,218.96517944335938,384,-1.0,86.36528749093873,up
19520,962.791015625,24.065773010253906,213.88587951660156,385,-1.0,91.57834171227998,up
19570,960.9270629882812,24.06740379333496,208.86180114746094,386,-1.0,96.77379684577427,up
19620,958.8580322265625,24.06389045715332,203.90267944335938,387,-1.0,101.94794565208628,up
19670,956.5828247070312,24.057392120361328,199.0186004638672,388,-1.0,107.09691702148581,up
19720,954.100830078125,24.05061912536621,194.21971130371094,389,-1.0,112.21700053833715,up
19770,951.4132690429688,24.045879364013672,189.51602172851562,390,-1.0,117.30458146987229,up
19830,947.9201049804688,24.044553756713867,184.01072692871094,392,-1.0,123.36226135860122,up
19880,944.790283203125,24.046955108642578,179.5496368408203,393,-1.0,128.36730311772712,up
19930,941.4669189453125,24.05130958557129,175.21267700195312,394,-1.0,133.33049494532386,up
19980,937.95556640625,24.055973052978516,171.0081329345703,395,-1.0,138.24922072612813,up
20030,934.2612915039062,24.05939292907715,166.94363403320312,396,-1.0,143.12153517354162,up
20080,930.3897094726562,24.0607852935791,163.02685546875,397,-1.0,147.94523899305807,up
20130,926.3477172851562,24.06011199951172,159.26539611816406,398,-1.0,152.7177438908922,up
20180,922.1409912109375,24.05794334411621,155.66697692871094,399,-1.0,157.4365773715533,up
20230,917.775146484375,24.055240631103516,152.23915100097656,400,-1.0,162.09939783114788,up
20280,913.2578125,24.052976608276367,148.9893341064453,401,-1.0,166.7032551312557,up
20330,908.5978393554688,24.051761627197266,145.92575073242188,402,-1.0,171.24384203148614,up
20380,903.8042602539062,24.051868438720703,143.05523681640625,402,-1.0,175.71786457967826,up
20430,898.8845825195312,24.05307960510254,140.3834228515625,403,-1.0,180.12352584505774,up
20480,893.8482666015625,24.054847717285156,137.91546630859375,404,-1.0,184.45849896474604,up
20540,887.6612548828125,24.056814193725586,135.2296600341797,405,-1.0,189.56528028071156,up
20580,883.4572143554688,24.05763816833496,133.60977172851562,406,-1.0,192.91044180863662,up
20640,877.0438232421875,24.057876586914062,131.4413604736328,406,-1.0,197.83649867606258,up
20690,871.6104736328125,24.057279586791992,129.87831115722656,407,-1.0,201.85555773454556,up
20740,866.1058959960938,24.056297302246094,128.5408477783203,408,-1.0,205.7945500613908,up
20790,860.5402221679688,24.055322647094727,127.43228912353516,409,-1.0,209.65108413950273,up
20840,854.9219360351562,24.054677963256836,126.55538940429688,410,-1.0,213.42388596895108,up
20890,849.26171875,24.05453109741211,125.9126205444336,410,-1.0,217.11052056062763,up
20940,843.5687866210938,24.054859161376953,125.505859375,411,-1.0,220.7095967515074,up
20990,837.8529663085938,24.055500030517578,125.3365249633789,412,-1.0,224.2195218768679,up
21040,832.124755859375,24.056150436401367,125.40462493896484,413,0.0,227.6391570437407,up
21100,825.2437133789062,24.054269790649414,125.76887512207031,414,0.0,231.64888675111482,up
21140,820.6567993164062,24.050430297851562,126.15780639648438,414,0.0,234.28464983708778,up
21200,813.7755126953125,24.039886474609375,126.90196228027344,416,0.0,238.2307725995515,up
21250,808.0383911132812,24.02804946899414,127.62751770019531,417,0.0,241.54587028696758,up
21300,802.2966918945312,24.016260147094727,128.42098999023438,418,0.0,244.9068390681668,up
21350,796.54833984375,24.007789611816406,129.2647705078125,419,0.0,248.3267122098106,up
21400,790.7926025390625,24.008970260620117,130.1466827392578,419,0.0,251.81303288773103,up
21450,785.0271606445312,24.014633178710938,131.05645751953125,420,-1.0,255.37266659028032,up
21500,779.2548217773438,24.021793365478516,132.0086212158203,421,-1.0,258.99173990049536,up
21550,773.4813842773438,24.027563095092773,133.02967834472656,422,-1.0,262.64697424181776,up
21600,767.7156982421875,24.031835556030273,134.16111755371094,423,0.0,266.30433851831367,up
21650,761.9658203125,24.039756774902344,135.42906188964844,424,0.0,269.9419590749591,up
21710,755.0888671875,24.04611587524414,137.12367248535156,425,0.0,274.28616991106475,up
21760,749.3729858398438,24.046293258666992,138.65396118164062,426,0.0,277.9096871422285,up
21810,743.6635131835938,24.039430618286133,140.25881958007812,427,0.0,281.56208781116425,up
21860,737.955322265625,24.027170181274414,141.91766357421875,428,0.0,285.2591109291654,up
21910,732.2447509765625,24.01366424560547,143.61717224121094,429,0.0,289.01037475569126,up
21960,726.5299682617188,24.007322311401367,145.3489990234375,430,0.0,292.82072783194053,up
22010,720.8094482421875,24.01276206970215,147.1065216064453,431,0.0,296.6935185919649,up
22060,715.0797729492188,24.020374298095703,148.88275146484375,432,0.0,300.63366207583067,up
22110,709.33984375,24.027233123779297,150.6736297607422,433,0.0,304.6423919518456,up
22160,703.5888671875,24.03097915649414,152.47576904296875,434,0.0,308.7202264290946,up
22220,696.6707153320312,24.030363082885742,154.64422607421875,435,1.0,313.70858239855795,up
22270,690.88134765625,24.026580810546875,156.42276000976562,436,0.0,317.96681217577,up
22320,685.065185546875,24.02173614501953,158.15780639648438,437,0.0,322.32626023953065,up
22370,679.2184448242188,24.021583557128906,159.8345184326172,438,0.0,326.7935993187277,up
22420,673.3439331054688,24.026039123535156,161.46360778808594,439,1.0,331.35802821141834,up
22470,667.4418334960938,24.028654098510742,163.04396057128906,440,1.0,336.016658419734,up
22520,661.5083618164062,24.030052185058594,164.55430603027344,441,1.0,340.778595630218,up
22570,655.5366821289062,24.031639099121094,165.96054077148438,442,0.0,345.66024327592487,up
22620,649.5258178710938,24.03363037109375,167.2494354248047,443,0.0,350.66339602458356,up
22680,642.264404296875,24.034927368164062,168.65036010742188,444,1.0,356.8147819141627,up
22720,637.3981323242188,24.039663314819336,169.5050506591797,445,0.0,360.994865229647,up
22780,630.05615234375,24.5554256439209,170.69793701171875,442,0.0,367.3730359872849,up
22830,624.0550537109375,25.753047943115234,171.5773162841797,441,0.0,372.65315154325646,up
22880,618.1959838867188,27.47801971435547,172.36940002441406,439,0.0,377.86274556894904,up
22930,612.5305786132812,29.73186683654785,173.10531616210938,437,0.0,382.94559252488,up
22980,607.1304321289062,32.49371337890625,173.8014373779297,436,0.0,387.8337370053036,up
23030,601.8173828125,35.30689239501953,174.4840087890625,433,0.0,392.6798184847207,up
23080,596.51171875,38.05263137817383,175.16546630859375,429,0.0,397.54991126095706,up
23130,591.2149047851562,40.732181549072266,175.84576416015625,426,0.0,402.44014619883876,up
23180,585.9259643554688,43.34527587890625,176.5250244140625,423,0.0,407.34901503439653,up
23230,580.6431274414062,45.895606994628906,177.18789672851562,421,1.0,412.28091521096053,up
23290,574.328125,48.92689514160156,177.8751220703125,420,1.0,418.24036732010217,up
23330,570.147216796875,50.951725006103516,178.25717163085938,420,0.0,422.22718930915835,up
23390,563.9195556640625,54.07679748535156,178.68992614746094,418,0.0,428.23883237397433,up
23440,558.7279663085938,56.67033767700195,178.9436798095703,417,0.0,433.3028048089607,up
23490,553.5516357421875,59.260292053222656,179.1239471435547,415,0.0,438.3914944754701,up
23540,548.3936157226562,61.844852447509766,179.25839233398438,414,0.0,443.4924503931635,up
23590,543.25439453125,64.421142578125,179.3623504638672,412,0.0,448.59946718319924,up
23640,538.1337890625,66.98675537109375,179.44529724121094,411,0.0,453.7088642680958,up
23690,533.0308837890625,69.54055786132812,179.5128631591797,409,0.0,458.8189718285844,up
23740,527.9450073242188,72.08253479003906,179.56851196289062,408,0.0,463.9286851050784,up
23790,522.8751831054688,74.61380004882812,179.61456298828125,407,0.0,469.0377018114308,up
23840,517.8214721679688,77.13600158691406,179.65296936035156,405,0.0,474.1449650671118,up
23890,512.7846069335938,79.65042114257812,179.68533325195312,404,0.0,479.24890433328517,up
23950,506.757568359375,82.62320709228516,179.7203826904297,401,0.0,485.36809034164884,up
24000,501.7436218261719,85.02974700927734,179.74937438964844,398,0.0,490.46244550318767,up
24050,496.7371826171875,87.37028503417969,179.7783660888672,396,0.0,495.5512044293057,up
24100,491.73828125,89.64494323730469,179.80735778808594,393,0.0,500.6333735712526,up
24150,486.7468566894531,91.85375213623047,179.8363494873047,391,0.0,505.7081017557414,up
24200,481.7629699707031,93.996826171875,179.86529541015625,389,0.0,510.77450560777686,up
24250,476.78619384765625,96.07437896728516,179.8941650390625,386,0.0,515.8322400244912,up
24300,471.8166198730469,98.08634185791016,179.92315673828125,384,0.0,520.8804244022114,up
24350,466.8544921875,100.03282928466797,179.9521484375,382,0.0,525.9181879081356,up
24410,460.9097595214844,102.28245544433594,179.9869384765625,379,0.0,531.9489094774461,up
24450,456.95257568359375,103.73002624511719,180.0101318359375,378,0.0,535.9600670979892,up
24510,451.02569580078125,105.82319641113281,180.044921875,375,0.0,541.9622059295461,up
24560,446.0947570800781,107.49593353271484,180.07374572753906,373,0.0,546.9501480516384,up
24610,441.1712341308594,109.10376739501953,180.10243225097656,371,0.0,551.925024191332,up
24660,436.2550964355469,110.6468276977539,180.13119506835938,369,0.0,556.8864272815648,up
24710,431.3463439941406,112.12512969970703,180.16018676757812,368,0.0,561.8339551904978,up
24760,426.4443664550781,113.53875732421875,180.18917846679688,366,0.0,566.7679238696907,up
24810,421.5497131347656,114.8878173828125,180.21817016601562,364,0.0,571.6875184183643,up
24860,416.6624450683594,116.17240142822266,180.24716186523438,362,0.0,576.5924228822101,up
24910,411.7825012207031,117.39273834228516,180.27593994140625,361,0.0,581.4825368582462,up
24960,406.9098815917969,118.54882049560547,180.30462646484375,359,0.0,586.357619171764,up
25020,401.0723876953125,119.8513412475586,180.33905029296875,357,0.0,592.187614268271,up
25070,396.21575927734375,120.86630249023438,180.36773681640625,356,0.0,597.0291227812593,up
25120,391.366455078125,121.81732177734375,180.39642333984375,354,0.0,601.8551264588007,up
25170,386.5244445800781,122.70446014404297,180.42510986328125,353,0.0,606.6655583591082,up
25220,381.6896667480469,123.5278091430664,180.45379638671875,352,0.0,611.4604085068236,up
25270,376.8619689941406,124.28750610351562,180.48245239257812,350,0.0,616.2397905784408,up
25320,372.0411071777344,124.98373413085938,180.51113891601562,349,0.0,621.003916388229,up
25380,366.2655944824219,125.73539733886719,180.54556274414062,348,0.0,626.7002218382435,up
25420,362.4210205078125,126.185791015625,180.56851196289062,347,0.0,630.4852602078458,up
25480,356.6628112792969,126.78543853759766,180.60293579101562,345,0.0,636.1441124319855,up
25530,351.87225341796875,127.21561431884766,180.63162231445312,344,0.0,640.8427096318253,up
25580,347.0888366699219,127.58268737792969,180.6602783203125,343,0.0,645.5259108404307,up
25630,342.3126220703125,127.88677215576172,180.68865966796875,342,0.0,650.1937901026542,up
25680,337.5435791015625,128.12803649902344,180.717041015625,341,0.0,654.8464338288093,up
25730,332.7817077636719,128.3065643310547,180.74542236328125,341,0.0,659.4839532208161,up
25780,328.0269470214844,128.42234802246094,180.7738037109375,340,0.0,664.1065182434537,up
25830,323.2793273925781,128.47552490234375,180.80218505859375,339,0.0,668.71424660169,up
25880,318.53857421875,128.46615600585938,180.83056640625,338,0.0,673.3075530347905,up
25940,312.858642578125,128.37249755859375,180.8645477294922,337,0.0,678.8008233797113,up
25980,309.0776672363281,128.2601776123047,180.8870086669922,337,0.0,682.4516382354175,up
26040,303.4147644042969,128.01702880859375,180.9207000732422,336,0.0,687.9109188034771,up
26090,298.70343017578125,127.74591064453125,180.9487762451172,336,0.0,692.4450815968052,up
26140,293.9991760253906,127.41273498535156,180.9768524169922,335,0.0,696.9656033146804,up
26190,289.302001953125,127.0176010131836,181.00518798828125,335,0.0,701.4726623764777,up
26240,284.6118469238281,126.56060028076172,181.0335693359375,334,0.0,705.966589613849,up
26290,279.9287414550781,126.04191589355469,181.0619354248047,334,0.0,710.4476218229073,up
26340,275.2526550292969,125.46162414550781,181.0900115966797,334,0.0,714.9160853723179,up
26390,270.58355712890625,124.81975555419922,181.1180877685547,333,0.0,719.3722107630141,up
26440,265.9215087890625,124.11638641357422,181.1461639404297,333,0.0,723.8162054595745,up
26490,261.2664489746094,123.35162353515625,181.1742401123047,333,0.0,728.2484084871028,up
26540,256.61834716796875,122.52555847167969,181.2023162841797,333,0.0,732.6691349949496,up
26590,251.9769744873047,121.63813781738281,181.2303924560547,332,0.0,737.0788824654278,up
26650,246.41644287109375,120.4925308227539,181.2640838623047,332,0.0,742.3563051681124,up
26700,241.79031372070312,119.47077941894531,181.29185485839844,332,0.0,746.7426335983139,up
26750,237.17111206054688,118.38807678222656,181.3196258544922,332,0.0,751.1187912292926,up
26800,232.5586700439453,117.24453735351562,181.34739685058594,332,0.0,755.4852681946065,up
26850,227.95303344726562,116.04026794433594,181.3751678466797,332,0.0,759.8423510732523,up
26900,223.35427856445312,114.77534484863281,181.40293884277344,332,0.0,764.1902989326951,up
26950,218.76243591308594,113.44986724853516,181.4307098388672,332,0.0,768.5294244030574,up
27000,214.1762237548828,112.12862396240234,181.46267700195312,331,0.0,772.8680355516326,up
27050,209.55892944335938,112.10128021240234,181.4622344970703,331,0.0,777.3929515708753,up
27100,204.96495056152344,112.11904907226562,181.2978973388672,332,0.0,781.9270708188021,up
27160,199.4140167236328,112.05975341796875,181.03390502929688,334,0.0,787.407908538789,up
27210,194.76119995117188,112.02511596679688,180.78770446777344,335,0.0,792.0083760312737,up
27260,190.0958251953125,112.0322265625,180.55702209472656,337,0.0,796.6240432227005,up
27310,185.41600036621094,112.0218276977539,180.32638549804688,338,0.0,801.2526073493448,up
27360,180.71969604492188,112.01337432861328,180.09127807617188,339,0.0,805.898915683967,up
27410,176.0070343017578,112.0163803100586,179.8496551513672,340,0.0,810.5641821963882,up
27460,171.27627563476562,112.0226058959961,179.6029052734375,342,0.0,815.2489762495358,up
27510,166.5275421142578,112.02721405029297,179.35215759277344,343,0.0,819.9524688221544,up
27560,161.76084899902344,112.02888488769531,179.0983428955078,344,0.0,824.6743561255022,up
27610,156.97654724121094,112.02752685546875,178.84274291992188,345,0.0,829.4140868981652,up
27660,152.1749725341797,112.02413177490234,178.58633422851562,347,0.0,834.1712883621942,up
27710,147.3565673828125,112.02092742919922,178.33004760742188,348,0.0,838.9456188951059,up
27770,141.55230712890625,112.0193862915039,178.02288818359375,349,0.0,844.6975611917508,up
27820,136.69644165039062,112.01904296875,177.76637268066406,351,0.0,849.5103192060056,up
27870,131.82327270507812,112.01950073242188,177.5088348388672,352,0.0,854.3408937838184,up
27920,126.93244934082031,112.02045440673828,177.24977111816406,353,0.0,859.1896685542927,up
27970,122.02403259277344,112.0214614868164,176.98895263671875,354,0.0,864.0565670713752,up
28020,117.09784698486328,112.02220916748047,176.7321014404297,356,-1.0,868.9408808069328,up
28070,112.15309143066406,112.02246856689453,176.50804138183594,357,-1.0,873.8391411343313,up
28120,107.18962097167969,112.02275848388672,176.34408569335938,358,0.0,878.7475985584811,up
28170,102.20792388916016,112.02568054199219,176.2565460205078,359,0.0,883.6637669626697,up
28220,97.20828247070312,112.02953338623047,176.25018310546875,360,0.0,888.586666091963,up
28270,92.19131469726562,112.03162384033203,176.30535888671875,362,0.0,893.5184386353578,up
28330,86.14869689941406,112.0291748046875,176.42715454101562,363,0.0,899.4513013005319,up
28380,81.0946273803711,112.02389526367188,176.5605010986328,364,0.0,904.4099147941401,up
28430,76.02375030517578,112.01798248291016,176.71453857421875,366,0.0,909.3831782426975,up
28480,70.93621063232422,112.01410675048828,176.88446044921875,367,0.0,914.371930327648,up
28530,65.83255004882812,112.01622009277344,177.06741333007812,368,0.0,919.3764457949128,up
28580,60.71059799194336,112.03995513916016,177.26133728027344,369,0.0,924.4006565697207,up
28630,55.5609245300293,112.18335723876953,177.46258544921875,370,0.0,929.4636494519046,up
28680,50.4095344543457,112.50022888183594,177.66522216796875,371,0.0,934.5455699655988,up
28730,45.26575469970703,112.9175796508789,177.87045288085938,372,0.0,939.6300437587081,up
28780,40.121524810791016,113.36180114746094,178.0777587890625,371,0.0,944.7180951687603,up
28840,33.955711364746094,113.81647491455078,178.3268585205078,370,0.0,950.8102709687033,up
28880,29.851276397705078,114.06922912597656,178.49264526367188,370,0.0,954.8616623486171,up
28940,23.703758239746094,114.37285614013672,178.7410125732422,369,0.0,960.9236947695575,up
28950,18.59933853149414,114.5545883178711,178.94705200195312,364,0.0,965.9515000521516,up
28950,13.57200813293457,114.67040252685547,179.1499481201172,357,0.0,970.8983330127243,up
28950,8.629461288452148,114.72225189208984,179.3494110107422,351,0.0,975.7568305469847,up
28950,3.7703089714050293,114.71122741699219,179.54550170898438,345,0.0,980.5284761343121,up
28950,-1.00681471824646,114.63836669921875,179.73829650878906,339,0.0,985.2147326180066,up
28950,-5.703253269195557,114.50476837158203,179.92784118652344,333,0.0,989.8170585827595,up
28950,-10.320328712463379,114.31143188476562,180.11416625976562,327,0.0,994.3368918026889,up
28950,-14.85934066772461,114.0593490600586,180.29734802246094,321,0.0,998.7756484949404,up
28950,-20.205537796020508,113.68120574951172,180.5131072998047,315,0.0,1003.9977760692135,up
28950,-24.577896118164062,113.30387115478516,180.68955993652344,309,0.0,1008.2637402700307,up
28950,-28.876195907592773,112.87091064453125,180.86302185058594,304,0.0,1012.453054535029,up
28950,-33.101646423339844,112.38329315185547,181.03353881835938,298,0.0,1016.5670709053951,up
28950,-37.25545120239258,111.84193420410156,181.201171875,293,0.0,1020.6071335394369,up
28950,-41.33879470825195,111.24775695800781,181.365966796875,288,0.0,1024.5745742116812,up
28950,-45.35282516479492,110.6016616821289,181.52796936035156,283,0.0,1028.4706904074487,up
28950,-49.29868698120117,109.90454864501953,181.68722534179688,278,0.0,1032.2967789842876,up
28950,-53.1775016784668,109.15726470947266,181.84375,273,0.0,1036.0541161515475,up
28950,-56.99037551879883,108.3606948852539,181.9976348876953,268,0.0,1039.7439596242252,up
28950,-61.48031997680664,107.3409194946289,182.1788330078125,262,0.0,1044.0844408872758,up
28950,-64.42264556884766,106.62301635742188,182.29757690429688,259,0.0,1046.9261424348351,up
28950,-68.7610092163086,105.49014282226562,182.47265625,253,0.0,1051.112302110756,up
28950,-72.3086166381836,104.49559020996094,182.6158447265625,248,0.0,1054.5320802564518,up
28950,-75.79576873779297,103.45599365234375,182.75657653808594,244,0.0,1057.8906760586335,up
28950,-79.22343444824219,102.37211608886719,182.89491271972656,240,0.0,1061.1892150098058,up
28950,-82.5926284790039,101.24471282958984,183.03086853027344,235,0.0,1064.4288734968907,up
28950,-85.90431213378906,100.07457733154297,183.16453552246094,231,0.0,1067.6107695934395,up
28950,-89.15943908691406,98.86241912841797,183.29591369628906,227,0.0,1070.736018626456,up
28950,-92.35893249511719,97.60897064208984,183.42503356933594,223,0.0,1073.8057041214443,up
28950,-95.50375366210938,96.31494140625,183.5519561767578,219,0.0,1076.8209424884785,up
28950,-98.59481811523438,94.98103332519531,183.6767120361328,215,0.0,1079.782807730086,up
28950,-101.63298797607422,93.60795593261719,183.79931640625,211,0.0,1082.6923229168767,up
28950,-105.21021270751953,91.90948486328125,183.94371032714844,207,0.0,1086.116092213504,up
28950,-108.1351318359375,90.45257568359375,184.061767578125,203,0.0,1088.914093903899,up
28950,-111.00993347167969,88.95863342285156,184.1777801513672,199,0.0,1091.6630198296762,up
28950,-111.5789566040039,88.65545654296875,184.20074462890625,199,0.0,1092.207005724653,up
28950,-111.5789566040039,88.65545654296875,184.20074462890625,199,0.0,1092.207005724653,up
28950,-111.5789566040039,88.65545654296875,184.20074462890625,199,0.0,1092.207005724653,up
28950,-111.5789566040039,88.65545654296875,184.20074462890625,199,0.0,1092.207005724653,up
28950,-111.5789566040039,88.65545654296875,184.20074462890625,199,0.0,1092.207005724653,up
28950,-111.5789566040039,88.65545654296875,184.20074462890625,199,0.0,1092.207005724653,up
28950,-111.5789566040039,88.65545654296875,184.20074462890625,199,0.0,1092.207005724653,up
28950,-111.5789566040039,88.65545654296875,184.20074462890625,199,0.0,1092.207005724653,up
28950,-111.5789566040039,88.65545654296875,184.20074462890625,199,0.0,1092.207005724653,up
28950,-111.5789566040039,88.65545654296875,184.20074462890625,199,0.0,1092.207005724653,up
28950,-111.5789566040039,88.65545654296875,184.20074462890625,199,0.0,1092.207005724653,up
28950,-111.5789566040039,88.65545654296875,184.20074462890625,199,0.0,1092.207005724653,up
28950,-111.5789566040039,88.65545654296875,184.20074462890625,199,0.0,1092.207005724653,up
28950,-111.5789566040039,88.65545654296875,184.20074462890625,199,0.0,1092.207005724653,up
28950,-111.5789566040039,88.65545654296875,184.20074462890625,199,0.0,1092.207005724653,up
28950,-111.5789566040039,88.65545654296875,184.20074462890625,199,0.0,1092.207005724653,up
28950,-111.5789566040039,88.65545654296875,184.20074462890625,199,0.0,1092.207005724653,up
28950,-111.5789566040039,88.65545654296875,184.20074462890625,199,0.0,1092.207005724653,up
28950,-111.5789566040039,88.65545654296875,184.20074462890625,199,0.0,1092.207005724653,up
28950,-111.5789566040039,88.65545654296875,184.20074462890625,199,0.0,1092.207005724653,up
28950,-111.5789566040039,88.65545654296875,184.20074462890625,199,0.0,1092.207005724653,up
28950,-111.5789566040039,88.65545654296875,184.20074462890625,199,0.0,1092.207005724653,up
28950,-111.5789566040039,88.65545654296875,184.20074462890625,199,0.0,1092.207005724653,up
28950,-111.5789566040039,88.65545654296875,184.20074462890625,199,0.0,1092.207005724653,up
28950,-111.5789566040039,88.65545654296875,184.20074462890625,199,0.0,1092.207005724653,up
28950,-111.5789566040039,88.65545654296875,184.20074462890625,199,0.0,1092.207005724653,up
28950,-111.5789566040039,88.65545654296875,184.20074462890625,199,0.0,1092.207005724653,up
28950,-111.5789566040039,88.65545654296875,184.20074462890625,199,0.0,1092.207005724653,up
28950,-111.5789566040039,88.65545654296875,184.20074462890625,199,0.0,1092.207005724653,up
28950,-111.5789566040039,88.65545654296875,184.20074462890625,199,0.0,1092.207005724653,up
28950,-111.5789566040039,88.65545654296875,184.20074462890625,199,0.0,1092.207005724653,up
28950,-111.5789566040039,88.65545654296875,184.20074462890625,199,0.0,1092.207005724653,up
28950,-111.5789566040039,88.65545654296875,184.20074462890625,199,0.0,1092.207005724653,up
28950,-111.5789566040039,88.65545654296875,184.20074462890625,199,0.0,1092.207005724653,up
28950,-111.5789566040039,88.65545654296875,184.20074462890625,199,0.0,1092.207005724653,up
28950,-111.5789566040039,88.65545654296875,184.20074462890625,199,0.0,1092.207005724653,up
28950,-111.5789566040039,88.65545654296875,184.20074462890625,199,0.0,1092.207005724653,up
28950,-111.5789566040039,88.65545654296875,184.20074462890625,199,0.0,1092.207005724653,up
28950,-111.5789566040039,88.65545654296875,184.20074462890625,199,0.0,1092.207005724653,up
28950,-111.5789566040039,88.65545654296875,184.20074462890625,199,0.0,1092.207005724653,up
28950,-111.5789566040039,88.65545654296875,184.20074462890625,199,0.0,1092.207005724653,up
28950,-111.5789566040039,88.65545654296875,184.20074462890625,199,0.0,1092.207005724653,up
28950,-111.5789566040039,88.65545654296875,184.20074462890625,199,0.0,1092.207005724653,up
28950,-111.5789566040039,88.65545654296875,184.20074462890625,199,0.0,1092.207005724653,up
28950,-111.5789566040039,88.65545654296875,184.20074462890625,199,0.0,1092.207005724653,up
28950,-111.5789566040039,88.65545654296875,184.20074462890625,199,0.0,1092.207005724653,up
28950,-111.5789566040039,88.65545654296875,184.20074462890625,199,0.0,1092.207005724653,up
28950,-111.5789566040039,88.65545654296875,184.20074462890625,199,0.0,1092.207005724653,up
28950,-111.5789566040039,88.65545654296875,184.20074462890625,199,0.0,1092.207005724653,up
28950,-111.5789566040039,88.65545654296875,184.20074462890625,199,0.0,1092.207005724653,up
28950,-111.5789566040039,88.65545654296875,184.20074462890625,199,0.0,1092.207005724653,up
28950,-111.5789566040039,88.65545654296875,184.20074462890625,199,0.0,1092.207005724653,up
